<atlassian-plugin key="com.jtricks.link.issue" name="Link Issue Plugin" plugins-version="2">
	<plugin-info>
		<description>Link Issue Example</description>
		<version>2.0</version>
		<vendor name="JTricks" url="http://www.j-tricks.com/" />
	</plugin-info>
	
	<webwork1 key="jtricks-link-issue-details" name="JTricks Link Issue Details" >
	    <actions>
			<action name="com.jtricks.JTricksLinkExistingIssue" alias="LinkExistingIssue">
				<view name="error">/secure/views/issue/linkexistingissue.jsp</view>
				<view name="input">/secure/views/issue/linkexistingissue.jsp</view>
			</action>
	    </actions>
	</webwork1>
    
</atlassian-plugin>
